Preprocessing Step,Count/Value,Status
Missing Values - Age,177 (19.87%),Imputed with median (28.0)
Missing Values - Embarked,2 (0.22%),Imputed with mode (S)
Missing Values - Cabin,687 (77.10%),Dropped
Total Missing Before,866 missing cells,High missing rate
Total Missing After,0 missing cells,All resolved
Features Before,12 features,Reduced
Features After,8 features,Optimized
Records Retained,891 records (100%),Preserved
Data Completeness Before,88.1% complete,Poor quality
Data Completeness After,100% complete,Ready for ML
